session,date,club,carry_yds,offline_yds,curve_yds,launch_dir_deg,ball_speed,is_partial
session_summary 10,07/01/2026,Driver,248.7,-5.9,14.0,-4.6,157.8,False
session_summary 10,07/01/2026,Driver,249.3,39.6,8.0,7.4,156.1,False
session_summary 10,07/01/2026,Driver,248.2,-10.0,8.0,-4.1,160.6,False
session_summary 10,07/01/2026,Driver,249.8,-36.2,-9.0,-6.4,155.0,False
session_summary 10,07/01/2026,Driver,245.8,-19.4,0.0,-4.5,148.3,False
session_summary 10,07/01/2026,Driver,255.6,-34.4,-43.0,2.0,160.1,False
session_summary 10,07/01/2026,Driver,257.4,-44.7,-39.0,-1.4,154.5,False
session_summary 11,07/01/2026,60 (LW),36.4,2.5,0.0,4.3,44.8,True
session_summary 11,07/01/2026,60 (LW),32.6,0.3,0.0,1.1,40.6,True
session_summary 11,07/01/2026,60 (LW),33.3,-0.1,0.0,0.4,41.5,True
session_summary 11,07/01/2026,60 (LW),35.4,1.7,0.0,3.4,42.4,True
session_summary 11,07/01/2026,56 (SW),60.1,3.7,-2.0,5.4,58.3,True
session_summary 11,07/01/2026,56 (SW),52.9,3.1,0.0,3.5,53.0,True
session_summary 11,07/01/2026,56 (SW),54.7,0.7,-1.0,1.3,54.3,True
session_summary 11,07/01/2026,56 (SW),67.8,-4.0,-1.0,-2.3,61.3,True
session_summary 11,07/01/2026,GW,87.6,-1.4,-4.0,1.7,78.8,True
session_summary 11,07/01/2026,GW,80.1,3.1,0.0,2.3,68.5,True
session_summary 11,07/01/2026,GW,82.5,-1.8,-3.0,1.0,71.2,True
session_summary 11,07/01/2026,GW,72.9,2.3,0.0,1.8,64.0,True
session_summary 11,07/01/2026,GW,85.1,-1.4,-3.0,1.2,72.3,True
session_summary 11,07/01/2026,PW,96.4,-7.3,-7.0,-0.2,76.5,True
session_summary 11,07/01/2026,PW,98.2,-8.6,-8.0,-0.6,79.5,True
session_summary 11,07/01/2026,PW,89.5,-6.5,-6.0,-0.5,74.0,True
session_summary 11,07/01/2026,PW,91.1,-5.3,-6.0,0.3,74.1,True
session_summary 12,07/01/2026,GW,98.4,0.4,-3.0,2.2,82.6,True
session_summary 12,07/01/2026,GW,98.3,-1.9,-3.0,0.6,82.9,True
session_summary 12,07/01/2026,GW,91.6,-3.0,-3.0,0.1,80.2,True
session_summary 12,07/01/2026,GW,103.6,-0.3,-4.0,2.2,83.7,False
session_summary 12,07/01/2026,GW,94.4,-3.6,-2.0,-1.1,78.3,True
session_summary 12,07/01/2026,GW,96.9,-10.7,-2.0,-5.0,77.4,True
session_summary 12,07/01/2026,GW,109.8,12.8,3.0,5.0,83.7,False
session_summary 12,07/01/2026,GW,97.8,-6.0,-2.0,-2.2,81.6,True
session_summary 12,07/01/2026,PW,115.2,-5.5,-4.0,-0.8,91.3,False
session_summary 12,07/01/2026,PW,122.2,-17.6,-13.0,-2.4,93.6,False
session_summary 12,07/01/2026,PW,119.4,-17.0,-14.0,-1.5,92.8,False
session_summary 12,07/01/2026,PW,125.3,-8.3,-9.0,0.1,92.1,False
session_summary 12,07/01/2026,9-Iron,104.8,10.1,-3.0,7.0,84.8,True
session_summary 12,07/01/2026,9-Iron,115.2,-2.7,-5.0,0.9,88.2,True
session_summary 12,07/01/2026,9-Iron,115.4,1.1,-5.0,2.9,87.7,True
session_summary 12,07/01/2026,9-Iron,97.9,6.4,-1.0,4.0,79.0,True
session_summary 12,07/01/2026,9-Iron,118.5,-0.6,-13.0,6.0,94.0,True
session_summary 13,07/03/2026,60 (LW),57.7,1.9,-1.0,2.4,56.6,True
session_summary 13,07/03/2026,60 (LW),48.2,-0.2,-1.0,0.6,50.9,True
session_summary 13,07/03/2026,60 (LW),50.1,1.1,0.0,1.3,51.8,True
session_summary 13,07/03/2026,60 (LW),56.6,0.9,-1.0,1.8,56.2,True
session_summary 13,07/03/2026,60 (LW),50.9,1.2,-1.0,2.3,52.7,True
session_summary 13,07/03/2026,60 (LW),51.7,-0.2,-1.0,0.6,53.1,True
session_summary 13,07/03/2026,60 (LW),49.0,0.2,0.0,0.8,51.4,True
session_summary 13,07/03/2026,60 (LW),47.0,1.6,0.0,1.8,49.8,True
session_summary 13,07/03/2026,60 (LW),52.3,-0.4,-1.0,0.7,53.4,True
session_summary 13,07/03/2026,60 (LW),51.0,0.5,-1.0,1.3,52.6,True
session_summary 13,07/03/2026,56 (SW),51.1,1.9,0.0,2.7,52.4,True
session_summary 13,07/03/2026,56 (SW),51.4,2.1,-1.0,3.2,52.8,True
session_summary 13,07/03/2026,56 (SW),51.0,1.5,0.0,2.0,52.6,True
session_summary 13,07/03/2026,56 (SW),61.5,0.8,-1.0,1.9,59.1,True
session_summary 13,07/03/2026,56 (SW),61.0,-1.5,-2.0,0.3,58.7,True
session_summary 13,07/03/2026,56 (SW),63.1,-0.2,-2.0,1.6,59.8,True
session_summary 13,07/03/2026,56 (SW),49.0,-1.2,-1.0,-0.6,51.3,True
session_summary 13,07/03/2026,56 (SW),57.5,1.7,-1.0,3.1,56.8,True
session_summary 13,07/03/2026,56 (SW),55.4,-0.3,-1.0,1.1,55.4,True
session_summary 13,07/03/2026,56 (SW),59.7,1.2,-1.0,2.3,57.9,True
session_summary 13,07/03/2026,GW,48.6,1.2,-1.0,2.7,51.2,True
session_summary 13,07/03/2026,GW,51.8,2.7,-1.0,3.8,53.2,True
session_summary 13,07/03/2026,GW,57.8,0.0,-2.0,2.1,56.8,True
session_summary 13,07/03/2026,GW,47.1,-0.6,-1.0,0.5,49.9,True
session_summary 13,07/03/2026,GW,51.8,1.0,-1.0,2.2,52.9,True
session_summary 13,07/03/2026,GW,61.0,3.2,-1.0,4.3,58.4,True
session_summary 13,07/03/2026,GW,61.4,-3.2,-2.0,-0.9,59.2,True
session_summary 13,07/03/2026,GW,51.8,0.3,-1.0,1.1,53.3,True
session_summary 13,07/03/2026,GW,61.0,-1.7,-2.0,0.4,58.4,True
session_summary 13,07/03/2026,GW,61.5,0.0,-3.0,2.9,58.9,True
session_summary 14,07/03/2026,56 (SW),98.0,-3.0,-4.0,0.8,80.8,False
session_summary 14,07/03/2026,56 (SW),95.2,2.8,-3.0,3.7,80.2,False
session_summary 14,07/03/2026,56 (SW),95.8,-4.9,-6.0,0.9,78.5,False
session_summary 14,07/03/2026,56 (SW),92.9,-3.1,-6.0,1.6,78.0,False
session_summary 14,07/03/2026,56 (SW),98.0,-2.9,-7.0,2.4,81.7,False
session_summary 14,07/03/2026,56 (SW),94.8,-4.4,-5.0,0.4,78.5,False
session_summary 14,07/03/2026,56 (SW),101.0,-2.6,-6.0,2.0,83.7,False
session_summary 14,07/03/2026,56 (SW),95.9,-2.2,-8.0,3.6,80.3,False
session_summary 14,07/03/2026,56 (SW),92.9,-0.1,-6.0,3.8,78.9,False
session_summary 14,07/03/2026,56 (SW),88.9,-4.5,-6.0,0.9,74.5,False
session_summary 14,07/03/2026,GW,90.5,-2.3,-5.0,1.7,76.3,True
session_summary 14,07/03/2026,GW,94.7,-3.9,-6.0,1.4,79.4,True
session_summary 14,07/03/2026,GW,85.4,4.1,-2.0,4.2,73.2,True
session_summary 14,07/03/2026,GW,88.7,0.9,-4.0,3.1,75.3,True
session_summary 14,07/03/2026,GW,89.6,0.0,-4.0,2.4,76.0,True
session_summary 14,07/03/2026,GW,89.7,-1.8,-5.0,1.7,76.3,True
session_summary 14,07/03/2026,GW,88.9,-0.3,-5.0,3.0,75.2,True
session_summary 14,07/03/2026,GW,93.6,-3.5,-6.0,1.6,77.8,True
session_summary 14,07/03/2026,GW,95.3,0.5,-5.0,3.4,79.3,True
session_summary 14,07/03/2026,GW,86.1,2.5,-4.0,4.3,74.4,True
session_summary 14,07/03/2026,GW,90.4,0.7,-5.0,3.7,76.3,True
session_summary 15,07/05/2026,Driver,287.2,-32.8,-31.0,-0.4,162.0,False
session_summary 15,07/05/2026,Driver,251.5,30.1,20.0,2.2,160.4,False
session_summary 15,07/05/2026,Driver,271.7,5.2,6.0,-0.2,162.3,False
session_summary 15,07/05/2026,Driver,260.2,13.9,13.0,0.1,161.4,False
session_summary 15,07/05/2026,Driver,271.6,1.6,10.0,-1.8,160.0,False
session_summary 15,07/05/2026,Driver,268.7,2.5,-1.0,0.7,162.9,False
session_summary 15,07/05/2026,Driver,292.5,-18.3,-22.0,0.8,166.1,False
session_summary 15,07/05/2026,Driver,264.7,-63.0,-58.0,-1.1,166.4,False
session_summary 15,07/05/2026,Driver,274.3,30.5,20.0,2.1,164.7,False
session_summary 15,07/05/2026,Driver,266.7,13.2,8.0,1.1,164.5,False
session_summary 15,07/05/2026,Driver,257.9,8.5,7.0,0.3,162.9,False
session_summary 15,07/05/2026,Driver,269.5,-0.5,-6.0,1.3,165.0,False
session_summary 15,07/05/2026,Driver,266.1,-22.8,-53.0,6.6,160.8,False
session_summary 15,07/05/2026,Driver,264.4,38.1,14.0,5.3,163.1,False
session_summary 15,07/05/2026,Driver,275.4,-13.2,-41.0,5.8,164.2,False
session_summary 15,07/05/2026,Driver,266.2,3.9,-6.0,2.2,162.6,False
session_summary 15,07/05/2026,Driver,269.6,8.0,-19.0,5.7,163.2,False
session_summary 15,07/05/2026,Driver,280.6,17.8,-16.0,6.9,159.8,False
session_summary 15,07/05/2026,Driver,281.4,-9.3,-44.0,7.0,161.5,False
session_summary 15,07/05/2026,Driver,268.1,3.3,-14.0,3.8,166.3,False
session_summary 15,07/05/2026,Driver,276.8,14.3,2.0,2.6,165.2,False
session_summary 15,07/05/2026,Driver,256.2,14.1,-11.0,5.6,156.0,False
session_summary 15,07/05/2026,Driver,280.0,-2.4,-9.0,1.5,164.2,False
session_summary 15,07/05/2026,Driver,249.7,-6.3,9.0,-3.5,156.2,False
session_summary 15,07/05/2026,Driver,276.8,-12.8,-35.0,4.6,164.7,False
session_summary 15,07/05/2026,Driver,262.3,-16.6,-35.0,4.1,163.0,False
session_summary 16,07/05/2026,Driver,244.7,7.4,-16.0,5.5,153.9,False
session_summary 16,07/05/2026,Driver,257.9,13.7,-1.0,3.2,157.7,False
session_summary 16,07/05/2026,Driver,234.9,22.8,16.0,1.6,152.4,True
session_summary 16,07/05/2026,Driver,247.7,24.8,16.0,2.0,156.3,False
session_summary 16,07/05/2026,Driver,256.1,18.2,5.0,2.9,159.6,False
session_summary 16,07/05/2026,Driver,263.1,-11.4,-10.0,-0.3,160.4,False
session_summary 16,07/05/2026,Driver,244.2,-5.7,-25.0,4.5,148.1,False
session_summary 16,07/05/2026,Driver,274.7,-16.9,-22.0,1.1,162.3,False
session_summary 16,07/05/2026,Driver,255.7,30.4,19.0,2.6,154.6,False
session_summary 16,07/05/2026,Driver,256.0,31.8,16.0,3.5,159.9,False
session_summary 17,07/05/2026,60 (LW),60.4,-1.1,-2.0,0.4,58.4,True
session_summary 17,07/05/2026,60 (LW),59.3,0.0,-1.0,1.4,57.0,True
session_summary 17,07/05/2026,60 (LW),64.0,0.1,-1.0,1.0,58.4,True
session_summary 17,07/05/2026,60 (LW),58.0,1.3,-1.0,2.3,55.8,True
session_summary 17,07/05/2026,60 (LW),61.6,1.8,-2.0,3.4,57.2,True
session_summary 17,07/05/2026,60 (LW),65.0,-0.6,-2.0,1.0,59.4,True
session_summary 17,07/05/2026,60 (LW),72.1,-4.1,-3.0,-1.0,65.5,True
session_summary 17,07/05/2026,60 (LW),72.4,-3.9,-2.0,-1.2,69.2,True
session_summary 17,07/05/2026,60 (LW),72.6,-3.3,-3.0,-0.6,67.8,True
session_summary 17,07/05/2026,60 (LW),66.3,-5.8,-2.0,-3.1,60.8,True
session_summary 18,07/08/2026,60 (LW),60.8,3.9,0.0,3.6,59.6,True
session_summary 18,07/08/2026,60 (LW),51.9,2.9,0.0,3.1,57.9,True
session_summary 18,07/08/2026,60 (LW),64.5,5.7,-1.0,5.9,61.2,True
session_summary 18,07/08/2026,60 (LW),68.1,12.9,-1.0,12.0,63.0,True
session_summary 18,07/08/2026,60 (LW),56.4,8.5,-1.0,10.1,55.6,True
session_summary 18,07/08/2026,60 (LW),52.2,9.1,-1.0,11.4,53.9,True
session_summary 18,07/08/2026,60 (LW),51.5,3.9,-1.0,5.0,51.9,True
session_summary 18,07/08/2026,60 (LW),64.2,4.3,-1.0,4.6,63.9,True
session_summary 18,07/08/2026,60 (LW),56.5,5.7,-1.0,6.4,55.9,True
session_summary 18,07/08/2026,60 (LW),56.6,9.3,-1.0,10.1,56.0,True
session_summary 18,07/08/2026,60 (LW),87.7,11.1,-5.0,10.7,75.8,False
session_summary 18,07/08/2026,60 (LW),71.4,1.5,-2.0,3.2,65.8,True
session_summary 18,07/08/2026,56 (SW),94.3,2.1,-4.0,4.0,80.1,False
session_summary 18,07/08/2026,56 (SW),94.0,8.3,-6.0,8.4,80.3,False
session_summary 18,07/08/2026,56 (SW),90.6,7.3,-6.0,8.2,78.2,False
session_summary 18,07/08/2026,56 (SW),87.9,-3.4,-2.0,-0.7,76.0,False
session_summary 18,07/08/2026,56 (SW),86.6,1.8,-1.0,2.1,74.9,True
session_summary 18,07/08/2026,GW,100.5,1.4,0.0,0.9,82.2,True
session_summary 18,07/08/2026,GW,106.5,5.4,0.0,2.9,87.0,False
session_summary 18,07/08/2026,GW,111.1,5.2,-5.0,5.5,91.2,False
session_summary 18,07/08/2026,GW,118.7,7.4,-8.0,7.6,95.5,False
session_summary 18,07/08/2026,GW,111.5,6.1,-4.0,5.0,90.5,False
session_summary 18,07/08/2026,GW,120.0,3.8,-9.0,6.1,96.5,False
session_summary 18,07/08/2026,GW,114.0,2.7,-9.0,5.8,92.4,False
session_summary 18,07/08/2026,6-Iron,166.8,23.1,10.0,4.6,120.8,False
session_summary 18,07/08/2026,6-Iron,171.1,2.6,-5.0,2.4,124.4,False
session_summary 18,07/08/2026,6-Iron,172.9,7.0,-4.0,3.7,124.5,False
session_summary 18,07/08/2026,6-Iron,167.9,10.5,4.0,2.1,120.8,False
session_summary 18,07/08/2026,6-Iron,170.7,-8.4,-15.0,2.3,123.6,False
session_summary 18,07/08/2026,7-Iron,164.9,2.7,-4.0,2.2,122.3,False
session_summary 18,07/08/2026,7-Iron,154.3,6.0,3.0,1.1,114.6,False
session_summary 18,07/08/2026,7-Iron,159.6,-15.8,-17.0,0.6,117.2,False
session_summary 18,07/08/2026,7-Iron,151.9,9.3,5.0,1.5,114.2,False
session_summary 18,07/08/2026,7-Iron,159.8,0.7,-13.0,5.0,117.2,False
session_summary 18,07/08/2026,7-Iron,170.2,14.6,1.0,4.4,121.2,False
session_summary 19,07/08/2026,60 (LW),83.3,1.0,-2.0,2.0,74.4,False
session_summary 19,07/08/2026,60 (LW),91.1,-0.5,-5.0,2.8,78.8,False
session_summary 19,07/08/2026,60 (LW),90.6,-1.7,-5.0,2.2,77.7,False
session_summary 19,07/08/2026,60 (LW),95.9,-4.3,-5.0,0.6,81.6,False
session_summary 19,07/08/2026,60 (LW),88.8,0.7,-3.0,2.3,77.2,False
session_summary 19,07/08/2026,60 (LW),92.4,-4.5,-4.0,-0.2,79.5,False
session_summary 19,07/08/2026,60 (LW),91.9,0.6,-4.0,2.6,79.8,False
session_summary 19,07/08/2026,56 (SW),101.6,-7.2,-7.0,0.1,84.1,False
session_summary 19,07/08/2026,56 (SW),103.7,-4.6,-8.0,1.7,87.0,False
session_summary 19,07/08/2026,56 (SW),99.7,3.3,-3.0,3.5,84.0,False
session_summary 19,07/08/2026,56 (SW),95.1,5.2,-1.0,4.0,81.1,False
session_summary 19,07/08/2026,56 (SW),101.5,4.2,-3.0,3.9,85.6,False
session_summary 19,07/08/2026,56 (SW),100.2,-2.9,-7.0,2.2,82.3,False
session_summary 19,07/08/2026,56 (SW),94.6,-1.1,-3.0,1.1,80.2,False
session_summary 19,07/08/2026,GW,121.0,-5.7,-8.0,1.1,96.7,False
session_summary 19,07/08/2026,GW,127.2,-10.3,-12.0,0.8,100.2,False
session_summary 19,07/08/2026,GW,116.7,0.4,-4.0,2.2,95.1,False
session_summary 19,07/08/2026,GW,117.9,2.6,-2.0,2.2,95.9,False
session_summary 19,07/08/2026,GW,119.2,5.6,-3.0,4.2,96.0,False
session_summary 19,07/08/2026,GW,120.4,-4.6,-6.0,0.7,96.8,False
session_summary 20,07/08/2026,3-Wood,239.2,4.8,8.0,-0.8,151.7,False
session_summary 20,07/08/2026,3-Wood,218.6,16.9,19.0,-0.6,148.7,False
session_summary 20,07/08/2026,3-Wood,250.1,5.3,-7.0,2.9,150.7,False
session_summary 20,07/08/2026,3-Wood,236.3,-2.0,-5.0,0.7,150.5,False
session_summary 20,07/08/2026,3-Wood,241.6,15.6,2.0,3.2,153.0,False
session_summary 20,07/08/2026,3-Wood,249.8,10.7,-12.0,5.3,151.6,False
session_summary 21,07/10/2026,60 (LW),89.2,-5.0,-4.0,-1.0,76.7,False
session_summary 21,07/10/2026,60 (LW),87.8,-2.6,-2.0,-0.3,75.2,False
session_summary 21,07/10/2026,60 (LW),86.4,-2.7,-2.0,-0.2,74.1,False
session_summary 21,07/10/2026,60 (LW),91.3,-1.9,-2.0,0.3,78.0,False
session_summary 21,07/10/2026,60 (LW),90.3,-1.4,-2.0,0.7,75.9,False
session_summary 21,07/10/2026,60 (LW),87.0,1.5,-2.0,2.0,76.1,False
session_summary 21,07/10/2026,56 (SW),100.1,0.4,-2.0,1.1,83.1,False
session_summary 21,07/10/2026,56 (SW),100.6,-6.4,-4.0,-1.2,82.2,False
session_summary 21,07/10/2026,56 (SW),99.5,0.8,-1.0,1.0,83.1,False
session_summary 21,07/10/2026,56 (SW),96.1,0.3,-2.0,1.5,77.9,False
session_summary 21,07/10/2026,56 (SW),96.0,-1.3,-2.0,0.5,79.5,False
session_summary 21,07/10/2026,56 (SW),99.6,-2.8,-4.0,0.9,83.5,False
session_summary 21,07/10/2026,GW,111.3,-0.5,-2.0,0.9,86.3,False
session_summary 21,07/10/2026,GW,112.7,-3.1,-1.0,-1.1,84.1,False
session_summary 21,07/10/2026,GW,122.9,-2.7,-4.0,0.7,94.9,False
session_summary 21,07/10/2026,GW,125.0,-11.4,-8.0,-1.5,94.7,False
session_summary 21,07/10/2026,GW,121.1,-2.0,-3.0,0.5,94.0,False
session_summary 21,07/10/2026,GW,118.6,-2.0,-2.0,0.2,91.7,False
session_summary 21,07/10/2026,7-Iron,168.7,-1.9,-6.0,1.4,121.4,False
session_summary 21,07/10/2026,7-Iron,159.4,7.4,0.0,2.7,119.0,False
session_summary 21,07/10/2026,7-Iron,159.3,6.5,-3.0,3.4,117.8,False
session_summary 21,07/10/2026,7-Iron,164.9,1.4,-6.0,2.5,120.5,False
session_summary 21,07/10/2026,7-Iron,166.0,-4.2,-7.0,0.8,122.8,False
session_summary 21,07/10/2026,7-Iron,167.0,-5.8,-9.0,1.0,123.1,False
session_summary 21,07/10/2026,6-Iron,174.0,0.3,-4.0,1.6,116.6,False
session_summary 21,07/10/2026,6-Iron,177.7,16.6,1.0,4.9,122.4,False
session_summary 21,07/10/2026,6-Iron,170.0,8.3,1.0,2.3,118.4,False
session_summary 21,07/10/2026,6-Iron,171.4,-4.4,-5.0,0.3,113.1,False
session_summary 21,07/10/2026,6-Iron,178.8,9.7,1.0,2.8,127.5,False
session_summary 21,07/10/2026,6-Iron,175.0,10.1,3.0,2.4,126.7,False
session_summary 21,07/10/2026,7-Wood,207.6,2.5,-7.0,2.6,142.2,False
session_summary 21,07/10/2026,7-Wood,206.1,18.6,4.0,4.1,138.1,False
session_summary 21,07/10/2026,7-Wood,207.2,-11.9,-9.0,-0.9,136.6,False
session_summary 21,07/10/2026,7-Wood,202.4,14.2,7.0,2.1,144.8,False
session_summary 21,07/10/2026,7-Wood,205.4,20.6,16.0,1.2,144.3,False
session_summary 21,07/10/2026,5-Iron,171.8,3.1,2.0,0.4,122.5,False
session_summary 22,07/12/2026,60 (LW),85.1,3.4,0.0,2.6,75.0,False
session_summary 22,07/12/2026,60 (LW),86.5,-2.7,-2.0,-0.6,74.2,False
session_summary 22,07/12/2026,60 (LW),86.1,-2.6,-3.0,0.3,74.8,False
session_summary 22,07/12/2026,60 (LW),90.6,-0.7,-2.0,1.1,78.1,False
session_summary 22,07/12/2026,60 (LW),90.6,-2.0,-2.0,0.3,79.0,False
session_summary 22,07/12/2026,60 (LW),89.0,1.0,-2.0,2.1,76.7,False
session_summary 22,07/12/2026,60 (LW),90.0,0.7,-2.0,1.9,78.0,False
session_summary 22,07/12/2026,60 (LW),95.8,-4.1,-5.0,0.4,81.4,False
session_summary 22,07/12/2026,60 (LW),94.3,0.7,-2.0,1.8,80.1,False
session_summary 22,07/12/2026,60 (LW),83.1,2.6,0.0,1.7,72.8,False
session_summary 22,07/12/2026,60 (LW),96.3,-0.6,-3.0,1.7,81.9,False
session_summary 22,07/12/2026,60 (LW),86.4,0.7,-1.0,1.4,74.9,False
session_summary 22,07/12/2026,56 (SW),99.9,0.4,-5.0,2.9,83.4,False
session_summary 22,07/12/2026,56 (SW),103.3,-3.2,-6.0,1.4,84.3,False
session_summary 22,07/12/2026,56 (SW),103.1,-0.7,-4.0,2.1,85.8,False
session_summary 22,07/12/2026,56 (SW),101.1,-4.2,-4.0,0.1,84.8,False
session_summary 22,07/12/2026,56 (SW),103.4,-0.7,-3.0,1.2,85.9,False
session_summary 22,07/12/2026,56 (SW),103.8,-4.0,-4.0,-0.2,85.4,False
session_summary 22,07/12/2026,56 (SW),102.2,-0.8,-4.0,2.0,85.3,False
session_summary 22,07/12/2026,56 (SW),99.7,0.8,-1.0,1.2,82.8,False
session_summary 22,07/12/2026,GW,117.9,-2.4,-4.0,0.8,95.5,False
session_summary 22,07/12/2026,GW,116.5,7.8,1.0,3.4,89.1,False
session_summary 22,07/12/2026,GW,118.7,0.4,-2.0,1.3,90.6,False
session_summary 22,07/12/2026,GW,115.3,7.8,2.0,3.0,89.7,False
session_summary 22,07/12/2026,GW,127.5,-6.5,-5.0,-0.8,95.6,False
session_summary 22,07/12/2026,GW,121.5,-7.5,-3.0,-2.0,93.5,False
session_summary 22,07/12/2026,GW,117.5,1.3,-1.0,1.0,92.8,False
session_summary 22,07/12/2026,GW,116.1,0.9,-1.0,1.1,91.5,False
session_summary 22,07/12/2026,6-Iron,151.1,-24.1,-17.0,-2.7,107.5,True
session_summary 22,07/12/2026,6-Iron,176.8,22.8,9.0,4.6,122.6,False
session_summary 22,07/12/2026,6-Iron,172.6,-6.5,-6.0,-0.1,123.8,False
session_summary 22,07/12/2026,6-Iron,165.9,30.3,13.0,5.9,112.6,False
session_summary 22,07/12/2026,6-Iron,167.9,-7.5,0.0,-2.5,121.6,False
session_summary 22,07/12/2026,6-Iron,159.6,10.2,6.0,1.5,114.5,False
session_summary 22,07/12/2026,6-Iron,180.1,-6.1,-6.0,0.1,126.4,False
session_summary 22,07/12/2026,6-Iron,177.3,-20.1,-16.0,-1.4,122.7,False
session_summary 22,07/12/2026,6-Iron,166.1,14.0,11.0,1.2,122.2,False
session_summary 22,07/12/2026,6-Iron,166.4,21.3,11.0,3.5,122.7,False
session_summary 22,07/12/2026,6-Iron,173.9,9.3,5.0,1.3,125.9,False
session_summary 22,07/12/2026,6-Iron,176.9,-13.0,-12.0,-0.4,124.8,False
session_summary 22,07/12/2026,7-Iron,160.5,-10.6,-8.0,-0.9,118.3,False
session_summary 22,07/12/2026,7-Iron,163.6,4.8,1.0,1.3,120.8,False
session_summary 22,07/12/2026,7-Iron,165.9,-11.3,-5.0,-2.2,119.5,False
session_summary 22,07/12/2026,7-Iron,165.9,-11.5,-7.0,-1.5,123.5,False
session_summary 22,07/12/2026,7-Iron,165.5,-0.7,6.0,-2.3,117.2,False
session_summary 22,07/12/2026,7-Iron,161.2,-1.2,1.0,-0.8,120.4,False
session_summary 23,07/12/2026,5-Iron,177.9,14.6,9.0,1.8,128.9,False
session_summary 23,07/12/2026,5-Iron,190.3,-7.0,-3.0,-1.1,132.2,False
session_summary 23,07/12/2026,5-Iron,185.1,-12.2,-5.0,-2.2,126.4,False
session_summary 23,07/12/2026,5-Iron,180.7,-2.6,1.0,-1.0,125.6,False
session_summary 23,07/12/2026,5-Iron,178.0,10.0,5.0,1.7,126.2,False
session_summary 23,07/12/2026,5-Iron,179.6,3.9,6.0,-0.6,130.6,False
session_summary 23,07/12/2026,5-Iron,181.4,3.6,5.0,-0.4,128.4,False
session_summary 23,07/12/2026,5-Iron,183.1,4.1,5.0,-0.4,126.3,False
session_summary 23,07/12/2026,5-Iron,177.3,-1.4,-2.0,0.2,125.0,False
session_summary 23,07/12/2026,5-Iron,189.5,-12.0,-6.0,-1.9,132.2,False
session_summary 23,07/12/2026,5-Iron,183.5,-0.1,1.0,-0.4,129.2,False
session_summary 23,07/12/2026,5-Iron,180.1,11.2,7.0,1.4,129.5,False
session_summary 23,07/12/2026,5-Iron,178.0,-1.6,1.0,-0.8,127.4,False
session_summary 23,07/12/2026,5-Iron,179.4,15.2,9.0,1.9,127.7,False
session_summary 23,07/12/2026,5-Iron,185.3,-2.3,-5.0,0.9,131.5,False
session_summary 24,07/12/2026,6-Iron,168.1,6.5,7.0,-0.1,124.5,False
session_summary 24,07/12/2026,6-Iron,175.4,1.7,0.0,0.5,123.7,False
session_summary 24,07/12/2026,6-Iron,176.3,2.6,-2.0,1.6,128.2,False
session_summary 24,07/12/2026,6-Iron,175.4,13.6,6.0,2.5,125.8,False
session_summary 24,07/12/2026,6-Iron,172.2,5.9,2.0,1.4,124.0,False
session_summary 24,07/12/2026,6-Iron,178.0,-2.2,-2.0,0.0,125.1,False
session_summary 24,07/12/2026,6-Iron,175.3,-0.7,-4.0,1.2,126.6,False
session_summary 24,07/12/2026,7-Iron,157.6,-2.1,-5.0,1.1,116.8,False
session_summary 24,07/12/2026,7-Iron,161.4,1.0,-1.0,0.9,119.3,False
session_summary 24,07/12/2026,7-Iron,163.1,12.2,3.0,3.1,120.3,False
session_summary 24,07/12/2026,7-Iron,163.1,5.3,1.0,1.5,119.1,False
session_summary 24,07/12/2026,7-Iron,161.2,-2.1,-3.0,0.3,119.5,False
session_summary 24,07/12/2026,7-Iron,162.3,8.7,3.0,1.9,121.2,False
session_summary 24,07/12/2026,7-Iron,163.6,-3.2,-3.0,-0.1,120.4,False
session_summary 24,07/12/2026,7-Iron,157.3,3.2,1.0,0.7,117.3,False
session_summary 24,07/12/2026,7-Iron,161.5,-1.3,-6.0,1.6,118.1,False
session_summary 25,08/25/2026,7-Iron,167.1,-26.6,-19.0,-2.6,120.5,False
session_summary 25,08/25/2026,7-Iron,169.3,-25.8,-18.0,-2.7,122.7,False
session_summary 25,08/25/2026,7-Iron,169.6,-17.2,-11.0,-2.0,121.8,False
session_summary 25,08/25/2026,7-Iron,168.2,-6.2,-3.0,-1.1,122.5,False
session_summary 25,08/25/2026,7-Iron,171.1,-12.0,-6.0,-1.9,124.3,False
session_summary 25,08/25/2026,7-Iron,152.6,-14.3,-6.0,-3.1,110.2,False
session_summary 25,08/25/2026,7-Iron,170.6,-19.6,-14.0,-1.9,122.7,False
session_summary 25,08/25/2026,7-Iron,164.1,2.5,2.0,0.0,120.4,False
session_summary 25,08/25/2026,7-Iron,163.2,-28.7,-17.0,-4.0,117.1,False
session_summary 25,08/25/2026,7-Iron,169.9,-16.4,-10.0,-2.1,123.2,False
session_summary 25,08/25/2026,7-Iron,150.6,9.0,6.0,1.1,110.2,False
session_summary 25,08/25/2026,7-Iron,156.4,-3.5,-1.0,-0.8,114.0,False
session_summary 25,08/25/2026,7-Iron,159.8,-11.2,-7.0,-1.4,115.4,False
session_summary 25,08/25/2026,7-Iron,162.5,-8.7,-6.0,-1.1,118.5,False
session_summary 25,08/25/2026,7-Iron,172.3,-19.3,-16.0,-1.0,124.4,False
session_summary 25,08/25/2026,7-Iron,169.7,-11.7,-7.0,-1.4,122.8,False
session_summary 25,08/25/2026,7-Iron,161.4,10.4,0.0,3.5,118.3,False
session_summary 25,08/25/2026,7-Iron,163.6,10.4,3.0,2.5,119.5,False
session_summary 25,08/25/2026,7-Iron,165.9,-9.9,-10.0,0.1,120.3,False
session_summary 25,08/25/2026,7-Iron,134.7,-1.1,-5.0,1.8,100.8,True
session_summary 25,08/25/2026,7-Iron,146.4,6.8,2.0,1.9,110.8,False
session_summary 25,08/25/2026,7-Iron,164.0,12.9,2.0,3.7,119.0,False
session_summary 25,08/25/2026,7-Iron,174.1,-18.7,-17.0,-0.7,125.4,False
session_summary 25,08/25/2026,7-Iron,158.5,-6.9,-12.0,1.7,114.5,False
session_summary 3,06/23/2026,Driver,236.3,31.7,35.0,-0.9,156.6,True
session_summary 3,06/23/2026,Driver,280.3,-32.2,-13.0,-4.0,159.8,False
session_summary 3,06/23/2026,Driver,253.3,19.1,26.0,-1.5,159.5,False
session_summary 3,06/23/2026,Driver,279.8,-45.2,-17.0,-5.7,160.3,False
session_summary 3,06/23/2026,Driver,275.9,-26.9,-9.0,-3.6,158.6,False
session_summary 3,06/23/2026,Driver,276.8,-41.3,-24.0,-3.7,163.3,False
session_summary 3,06/23/2026,Driver,274.6,-31.4,-20.0,-2.3,157.7,False
session_summary 3,06/23/2026,Driver,260.4,8.1,15.0,-1.5,158.6,False
session_summary 3,06/23/2026,Driver,244.0,20.1,35.0,-3.5,156.8,False
session_summary 3,06/23/2026,Driver,278.1,-49.8,-31.0,-3.9,159.5,False
session_summary 3,06/23/2026,Driver,273.5,-23.8,2.0,-5.4,159.1,False
session_summary 3,06/23/2026,Driver,240.0,17.3,29.0,-2.9,157.4,False
session_summary 3,06/23/2026,Driver,252.3,10.4,22.0,-2.7,159.9,False
session_summary 3,06/23/2026,Driver,245.0,0.5,25.0,-5.6,154.3,False
session_summary 3,06/23/2026,Driver,268.3,-22.4,-5.0,-3.7,159.3,False
session_summary 3,06/23/2026,Driver,272.7,-10.5,6.0,-3.4,161.8,False
session_summary 3,06/23/2026,Driver,265.9,1.1,20.0,-4.1,161.2,False
session_summary 3,06/23/2026,Driver,261.5,3.0,16.0,-2.8,160.8,False
session_summary 3,06/23/2026,Driver,280.1,-21.9,-2.0,-4.0,161.8,False
session_summary 3,06/23/2026,Driver,283.9,-43.9,-30.0,-2.8,160.6,False
session_summary 3,06/23/2026,Driver,272.3,-35.5,-29.0,-1.4,154.2,False
session_summary 3,06/23/2026,Driver,242.5,27.7,39.0,-2.6,156.6,False
session_summary 3,06/23/2026,Driver,256.8,3.8,15.0,-2.5,160.4,False
session_summary 3,06/23/2026,Driver,258.0,-27.1,-31.0,0.8,156.2,False
session_summary 3,06/23/2026,Driver,255.4,-41.2,-12.0,-6.5,153.4,False
session_summary 3,06/23/2026,Driver,262.9,-33.2,-15.0,-4.1,159.3,False
session_summary 3,06/23/2026,Driver,274.5,7.3,13.0,-1.1,153.1,False
session_summary 3,06/23/2026,Driver,252.2,13.1,30.0,-3.9,159.8,False
session_summary 3,06/23/2026,Driver,274.2,18.3,30.0,-2.4,157.4,False
session_summary 4,06/24/2026,7-Iron,148.5,24.1,14.0,4.0,114.1,False
session_summary 4,06/24/2026,7-Iron,165.6,-22.2,-14.0,-2.7,118.6,False
session_summary 4,06/24/2026,7-Iron,153.3,3.5,4.0,-0.1,112.3,False
session_summary 4,06/24/2026,7-Iron,155.5,-2.9,-4.0,0.6,114.4,False
session_summary 4,06/24/2026,7-Iron,157.7,-10.4,-13.0,0.8,114.1,False
session_summary 4,06/24/2026,7-Iron,162.3,2.1,-2.0,1.6,118.8,False
session_summary 4,06/24/2026,7-Iron,168.3,-0.1,0.0,0.0,118.5,False
session_summary 4,06/24/2026,7-Wood,202.3,19.6,3.0,4.6,131.0,False
session_summary 4,06/24/2026,7-Wood,218.3,1.0,-9.0,2.6,135.7,False
session_summary 4,06/24/2026,7-Wood,215.6,-18.6,-4.0,-3.8,141.2,False
session_summary 4,06/24/2026,7-Wood,205.6,-5.9,-16.0,2.8,130.8,False
session_summary 4,06/24/2026,7-Wood,200.2,29.7,10.0,5.6,136.8,False
session_summary 4,06/24/2026,7-Wood,218.9,25.3,-3.0,7.5,138.3,False
session_summary 4,06/24/2026,7-Wood,222.5,-6.2,-11.0,1.2,144.8,False
session_summary 4,06/24/2026,Driver,255.5,-5.4,-1.0,-0.9,157.6,False
session_summary 4,06/24/2026,Driver,267.7,-22.1,-37.0,3.2,155.5,False
session_summary 4,06/24/2026,Driver,261.3,-10.1,-29.0,4.2,155.6,False
session_summary 4,06/24/2026,Driver,270.4,-25.2,-20.0,-1.0,154.8,False
session_summary 4,06/24/2026,Driver,267.5,-21.1,-9.0,-2.5,150.7,False
session_summary 4,06/24/2026,Driver,242.6,20.8,20.0,0.1,151.5,False
session_summary 4,06/24/2026,Driver,232.7,34.5,27.0,1.8,152.0,True
session_summary 4,06/24/2026,Driver,248.8,16.0,8.0,1.7,156.4,False
session_summary 4,06/24/2026,Driver,268.2,-32.3,-29.0,-0.6,161.7,False
session_summary 4,06/24/2026,Driver,276.2,-20.8,-25.0,0.8,159.3,False
session_summary 4,06/24/2026,Driver,254.4,-3.9,-15.0,2.5,155.3,False
session_summary 4,06/24/2026,Driver,262.6,-4.2,-3.0,-0.3,158.6,False
session_summary 4,06/24/2026,Driver,250.4,20.0,25.0,-1.3,156.9,False
session_summary 4,06/24/2026,Driver,273.4,8.1,0.0,1.7,161.5,False
session_summary 4,06/24/2026,Driver,259.6,12.8,14.0,-0.3,160.4,False
session_summary 4,06/24/2026,Driver,264.7,0.2,6.0,-1.3,162.1,False
session_summary 4,06/24/2026,Driver,276.5,-6.8,-14.0,1.5,162.1,False
session_summary 4,06/24/2026,Driver,251.1,17.9,12.0,1.2,159.1,False
session_summary 4,06/24/2026,Driver,256.7,18.3,1.0,3.9,160.0,False
session_summary 4,06/24/2026,Driver,242.0,48.5,30.0,4.5,158.2,False
session_summary 4,06/24/2026,Driver,258.7,10.7,18.0,-1.5,159.3,False
session_summary 4,06/24/2026,Driver,278.2,11.7,-7.0,3.9,157.9,False
session_summary 4,06/24/2026,Driver,251.0,47.1,25.0,5.1,156.8,False
session_summary 4,06/24/2026,Driver,253.0,14.3,5.0,2.2,158.2,False
session_summary 4,06/24/2026,Driver,251.2,4.5,6.0,-0.3,157.2,False
session_summary 4,06/24/2026,Driver,265.4,16.2,0.0,3.5,159.3,False
session_summary 4,06/24/2026,Driver,255.7,57.2,34.0,5.3,158.5,False
session_summary 4,06/24/2026,Driver,275.5,-40.5,-39.0,-0.3,162.3,False
session_summary 4,06/24/2026,Driver,248.4,1.1,9.0,-1.7,155.2,False
session_summary 4,06/24/2026,Driver,245.3,55.5,50.0,1.3,150.8,False
session_summary 4,06/24/2026,Driver,262.9,-39.4,-40.0,0.2,161.8,False
session_summary 4,06/24/2026,Driver,275.3,-18.4,-23.0,1.0,161.0,False
session_summary 4,06/24/2026,Driver,253.1,23.6,18.0,1.3,156.3,False
session_summary 4,06/24/2026,Driver,248.1,31.8,25.0,1.6,159.2,False
session_summary 4,06/24/2026,Driver,255.2,-4.7,-1.0,-0.9,158.3,False
session_summary 4,06/24/2026,Driver,270.0,9.8,1.0,1.9,161.5,False
session_summary 4,06/24/2026,Driver,242.3,22.7,17.0,1.3,156.4,False
session_summary 4,06/24/2026,Driver,275.0,15.2,2.0,2.7,161.3,False
session_summary 4,06/24/2026,Driver,279.2,-32.9,-29.0,-0.7,163.0,False
session_summary 4,06/24/2026,Driver,243.4,8.8,-1.0,2.4,153.3,False
session_summary 5,06/23/2026,Driver,255.3,-6.2,8.0,-3.2,157.3,False
session_summary 5,06/23/2026,Driver,251.2,-10.7,-2.0,-2.1,156.9,False
session_summary 5,06/23/2026,Driver,268.1,-5.6,8.0,-2.9,153.1,False
session_summary 5,06/23/2026,Driver,271.1,-31.0,-25.0,-1.3,154.4,False
session_summary 5,06/23/2026,Driver,246.1,-8.0,10.0,-4.3,155.6,False
session_summary 5,06/23/2026,Driver,268.1,-40.4,-36.0,-1.0,159.7,False
session_summary 5,06/23/2026,Driver,266.5,-39.9,-8.0,-6.9,153.9,False
session_summary 5,06/23/2026,Driver,271.2,9.3,9.0,0.1,154.8,False
session_summary 5,06/23/2026,Driver,269.0,-33.7,-26.0,-1.6,158.4,False
session_summary 5,06/23/2026,Driver,265.8,-2.4,-5.0,0.6,157.5,False
session_summary 5,06/23/2026,7-Wood,214.5,-28.8,-7.0,-6.0,143.9,False
session_summary 5,06/23/2026,7-Wood,214.0,-6.9,3.0,-2.7,144.7,False
session_summary 5,06/23/2026,7-Wood,196.2,20.4,22.0,-0.5,141.0,False
session_summary 5,06/23/2026,7-Wood,229.7,-20.0,-18.0,-0.5,140.1,False
session_summary 5,06/23/2026,7-Wood,220.4,-33.8,-19.0,-3.8,147.7,False
session_summary 5,06/23/2026,7-Wood,220.5,-9.6,-23.0,3.4,148.6,False
session_summary 5,06/23/2026,7-Wood,223.5,3.6,-24.0,7.1,149.1,False
session_summary 5,06/23/2026,3-Wood,254.4,-37.8,-34.0,-0.9,150.9,False
session_summary 5,06/23/2026,3-Wood,245.5,2.4,4.0,-0.5,152.3,False
session_summary 5,06/23/2026,3-Wood,237.6,6.2,14.0,-1.9,150.6,False
session_summary 5,06/23/2026,3-Wood,251.0,-24.4,-12.0,-2.9,149.4,False
session_summary 5,06/23/2026,3-Wood,253.9,-24.2,-12.0,-2.7,152.0,False
session_summary 5,06/23/2026,4-Iron,190.5,9.6,8.0,0.4,129.1,False
session_summary 5,06/23/2026,4-Iron,182.4,19.4,15.0,1.3,125.9,False
session_summary 5,06/23/2026,4-Iron,204.4,-7.0,-4.0,-0.8,132.7,False
session_summary 5,06/23/2026,4-Iron,187.6,1.6,0.0,0.3,122.8,False
session_summary 5,06/23/2026,4-Iron,193.7,12.7,11.0,0.5,130.3,False
session_summary 5,06/23/2026,4-Iron,203.6,-9.8,-7.0,-0.8,133.4,False
session_summary 5,06/23/2026,4-Iron,197.2,-5.3,-2.0,-0.9,130.9,False
session_summary 5,06/23/2026,5-Iron,181.8,16.9,13.0,1.2,127.5,False
session_summary 5,06/23/2026,5-Iron,190.8,-9.9,-2.0,-2.3,128.7,False
session_summary 5,06/23/2026,5-Iron,190.4,-10.9,-6.0,-1.6,129.2,False
session_summary 5,06/23/2026,5-Iron,175.4,11.3,11.0,0.0,122.0,False
session_summary 5,06/23/2026,5-Iron,185.1,8.8,8.0,0.2,127.7,False
session_summary 5,06/23/2026,6-Iron,176.2,4.6,4.0,0.1,125.6,False
session_summary 5,06/23/2026,6-Iron,178.0,-14.7,-6.0,-2.7,124.9,False
session_summary 5,06/23/2026,6-Iron,175.5,-2.5,1.0,-1.1,123.7,False
session_summary 5,06/23/2026,6-Iron,167.2,-9.3,-4.0,-1.6,116.1,False
session_summary 5,06/23/2026,6-Iron,170.1,-8.7,-1.0,-2.6,119.6,False
session_summary 5,06/23/2026,7-Iron,166.9,-7.1,-4.0,-1.1,121.3,False
session_summary 5,06/23/2026,7-Iron,158.4,-8.8,-2.0,-2.3,117.5,False
session_summary 5,06/23/2026,7-Iron,162.4,-20.6,-12.0,-2.9,115.9,False
session_summary 5,06/23/2026,7-Iron,159.6,-6.8,2.0,-3.3,112.4,False
session_summary 5,06/23/2026,7-Iron,163.2,-17.4,-9.0,-3.0,117.9,False
session_summary 5,06/23/2026,8-Iron,153.1,-6.9,-12.0,1.9,113.6,False
session_summary 5,06/23/2026,8-Iron,143.6,-0.7,-2.0,0.4,111.0,False
session_summary 5,06/23/2026,8-Iron,152.0,-8.7,-12.0,1.1,113.0,False
session_summary 5,06/23/2026,8-Iron,158.9,-20.4,-18.0,-0.9,116.4,False
session_summary 5,06/23/2026,8-Iron,152.4,-10.1,-9.0,-0.5,113.8,False
session_summary 5,06/23/2026,9-Iron,142.3,12.8,7.0,2.3,106.5,False
session_summary 5,06/23/2026,9-Iron,137.8,-13.4,-11.0,-1.2,106.2,False
session_summary 5,06/23/2026,9-Iron,141.7,-6.1,-14.0,3.2,107.0,False
session_summary 5,06/23/2026,9-Iron,139.4,1.6,-10.0,4.7,109.1,False
session_summary 5,06/23/2026,9-Iron,139.6,-14.2,-11.0,-1.5,107.1,False
session_summary 5,06/23/2026,PW,121.9,-3.2,-3.0,0.0,98.0,False
session_summary 5,06/23/2026,PW,129.7,-16.3,-12.0,-2.1,104.1,False
session_summary 5,06/23/2026,PW,125.9,-14.5,-6.0,-3.7,101.8,False
session_summary 5,06/23/2026,PW,120.7,-7.1,-1.0,-2.7,95.9,False
session_summary 5,06/23/2026,PW,130.8,-8.6,-11.0,0.8,100.4,False
session_summary 5,06/23/2026,PW,129.2,-14.5,-14.0,-0.4,100.5,False
session_summary 5,06/23/2026,GW,115.3,-8.3,-8.0,-0.4,93.2,False
session_summary 5,06/23/2026,GW,126.0,-17.3,-13.0,-1.8,99.1,False
session_summary 5,06/23/2026,GW,119.6,-0.1,-9.0,4.5,97.0,False
session_summary 5,06/23/2026,GW,110.3,-3.3,-8.0,2.4,89.0,False
session_summary 5,06/23/2026,GW,123.1,4.7,-11.0,7.3,98.3,False
session_summary 5,06/23/2026,56 (SW),100.0,-4.2,-7.0,1.5,84.9,False
session_summary 5,06/23/2026,56 (SW),105.8,-11.7,-9.0,-1.4,87.2,False
session_summary 5,06/23/2026,56 (SW),99.8,-5.2,-6.0,0.5,84.0,False
session_summary 5,06/23/2026,56 (SW),95.6,-5.9,-5.0,-0.4,79.7,False
session_summary 5,06/23/2026,56 (SW),103.9,-6.3,-5.0,-0.6,85.2,False
session_summary 5,06/23/2026,56 (SW),94.8,-1.2,-4.0,2.0,80.3,False
session_summary 5,06/23/2026,60 (LW),92.1,-3.5,-6.0,1.9,78.6,False
session_summary 5,06/23/2026,60 (LW),85.3,-1.9,-4.0,1.1,75.0,False
session_summary 5,06/23/2026,60 (LW),89.6,-5.3,-5.0,-0.2,77.2,False
session_summary 5,06/23/2026,60 (LW),87.6,-6.4,-6.0,-0.6,76.5,False
session_summary 5,06/23/2026,60 (LW),88.1,-4.8,-5.0,0.1,76.9,False
session_summary 5,06/23/2026,60 (LW),81.9,-4.7,-3.0,-1.0,71.7,False
session_summary 6,06/26/2026,Driver,266.4,32.4,17.0,3.3,160.1,False
session_summary 6,06/26/2026,Driver,257.0,25.8,24.0,0.4,159.0,False
session_summary 6,06/26/2026,Driver,255.1,44.6,35.0,2.2,157.4,False
session_summary 6,06/26/2026,Driver,248.9,45.0,37.0,1.9,158.9,False
session_summary 6,06/26/2026,Driver,262.4,38.6,17.0,4.6,161.3,False
session_summary 6,06/26/2026,Driver,283.3,1.7,-1.0,0.5,159.2,False
session_summary 6,06/26/2026,Driver,282.2,-8.8,-14.0,1.1,161.4,False
session_summary 6,06/26/2026,Driver,281.5,25.8,6.0,4.0,158.1,False
session_summary 6,06/26/2026,Driver,275.4,4.7,-10.0,3.0,153.6,False
session_summary 6,06/26/2026,Driver,282.7,-20.6,-37.0,3.3,161.4,False
session_summary 6,06/26/2026,Driver,255.9,49.7,33.0,3.9,159.1,False
session_summary 6,06/26/2026,Driver,283.8,-17.4,-21.0,0.7,160.6,False
session_summary 6,06/26/2026,Driver,283.1,23.7,6.0,3.5,159.1,False
session_summary 6,06/26/2026,Driver,258.1,21.1,8.0,2.9,160.7,False
session_summary 6,06/26/2026,Driver,282.8,-3.1,-13.0,1.9,161.8,False
session_summary 6,06/26/2026,Driver,284.6,-1.6,-2.0,0.1,162.7,False
session_summary 6,06/26/2026,Driver,266.2,46.9,27.0,4.4,161.1,False
session_summary 6,06/26/2026,Driver,266.8,36.0,23.0,2.9,163.0,False
session_summary 6,06/26/2026,Driver,265.3,-7.8,-14.0,1.3,161.3,False
session_summary 6,06/26/2026,Driver,256.6,25.6,16.0,2.1,161.3,False
session_summary 6,06/26/2026,Driver,274.7,6.5,-5.0,2.4,163.8,False
session_summary 6,06/26/2026,Driver,272.6,34.9,16.0,4.0,162.2,False
session_summary 6,06/26/2026,Driver,256.2,4.6,4.0,0.2,160.0,False
session_summary 6,06/26/2026,Driver,280.4,6.1,-16.0,4.4,158.8,False
session_summary 6,06/26/2026,Driver,271.2,-5.8,-20.0,3.0,164.8,False
session_summary 6,06/26/2026,Driver,266.0,18.6,8.0,2.4,159.4,False
session_summary 6,06/26/2026,Driver,275.0,22.2,15.0,1.5,157.2,False
session_summary 6,06/26/2026,Driver,267.2,27.0,7.0,4.4,163.3,False
session_summary 6,06/26/2026,Driver,277.6,-22.6,-26.0,0.8,161.6,False
session_summary 6,06/26/2026,Driver,265.9,5.4,-6.0,2.5,160.8,False
session_summary 7,06/30/2026,60 (LW),32.2,0.6,-1.0,2.1,41.6,True
session_summary 7,06/30/2026,60 (LW),34.6,0.0,-1.0,1.0,42.3,True
session_summary 7,06/30/2026,60 (LW),27.4,0.3,0.0,1.3,37.5,True
session_summary 7,06/30/2026,60 (LW),29.9,0.5,0.0,1.7,39.6,True
session_summary 7,06/30/2026,60 (LW),30.2,1.6,-1.0,4.2,39.7,True
session_summary 7,06/30/2026,56 (SW),37.7,1.2,0.0,2.3,47.0,True
session_summary 7,06/30/2026,56 (SW),36.2,0.8,0.0,1.8,43.8,True
session_summary 7,06/30/2026,56 (SW),39.2,0.2,-1.0,1.2,45.5,True
session_summary 7,06/30/2026,56 (SW),41.7,0.7,-1.0,2.3,47.1,True
session_summary 7,06/30/2026,56 (SW),39.2,-0.4,-1.0,0.5,45.6,True
session_summary 7,06/30/2026,56 (SW),36.5,0.9,0.0,1.7,44.2,True
session_summary 7,06/30/2026,56 (SW),34.6,1.7,0.0,2.7,42.5,True
session_summary 7,06/30/2026,56 (SW),45.5,-0.5,-1.0,0.4,49.8,True
session_summary 7,06/30/2026,GW,55.8,2.2,-1.0,3.3,55.7,True
session_summary 7,06/30/2026,GW,53.5,2.6,0.0,3.1,54.3,True
session_summary 7,06/30/2026,GW,42.4,3.0,0.0,4.2,47.4,True
session_summary 7,06/30/2026,GW,47.2,1.6,0.0,2.5,50.5,True
session_summary 7,06/30/2026,GW,55.7,3.0,-1.0,3.7,55.5,True
session_summary 7,06/30/2026,PW,68.9,-0.2,-3.0,2.3,63.5,True
session_summary 7,06/30/2026,PW,66.8,-1.1,-3.0,1.6,62.3,True
session_summary 7,06/30/2026,PW,63.5,1.6,-2.0,2.9,60.4,True
session_summary 7,06/30/2026,PW,53.1,2.5,0.0,3.0,54.1,True
session_summary 7,06/30/2026,PW,55.9,2.3,-1.0,3.4,55.4,True
session_summary 7,06/30/2026,PW,60.2,0.6,-2.0,2.2,58.5,True
session_summary 7,06/30/2026,PW,57.1,2.8,-1.0,3.5,56.2,True
session_summary 7,06/30/2026,PW,63.3,1.2,-2.0,2.5,59.9,True
session_summary 7,06/30/2026,9-Iron,81.4,1.8,-4.0,4.1,71.1,True
session_summary 7,06/30/2026,9-Iron,74.4,2.1,-3.0,4.1,66.7,True
session_summary 7,06/30/2026,9-Iron,72.7,0.5,-3.0,2.4,65.8,True
session_summary 7,06/30/2026,9-Iron,74.5,-1.5,-4.0,1.9,66.8,True
session_summary 7,06/30/2026,9-Iron,69.5,0.5,-2.0,2.2,63.3,True
session_summary 7,06/30/2026,8-Iron,75.2,0.8,-2.0,2.4,67.0,True
session_summary 7,06/30/2026,8-Iron,86.6,5.2,-3.0,5.1,73.7,True
session_summary 7,06/30/2026,8-Iron,88.1,0.0,-4.0,2.4,75.1,True
session_summary 7,06/30/2026,8-Iron,82.1,-1.4,-3.0,1.4,71.2,True
session_summary 7,06/30/2026,8-Iron,84.8,1.6,-5.0,4.1,73.3,True
session_summary 7,06/30/2026,7-Iron,91.2,-2.8,-5.0,1.6,77.1,True
session_summary 7,06/30/2026,7-Iron,85.3,1.9,-3.0,3.5,73.2,True
session_summary 7,06/30/2026,7-Iron,95.9,-2.8,-6.0,2.1,79.0,True
session_summary 7,06/30/2026,7-Iron,87.6,0.9,-4.0,3.4,75.2,True
session_summary 7,06/30/2026,7-Iron,92.0,-4.9,-6.0,0.5,77.2,True
session_summary 8,06/30/2026,Driver,244.7,12.0,23.0,-2.5,156.0,False
session_summary 8,06/30/2026,Driver,273.6,-12.7,-16.0,0.7,160.7,False
session_summary 8,06/30/2026,Driver,259.3,12.0,8.0,0.8,158.7,False
session_summary 8,06/30/2026,Driver,277.2,-32.7,-27.0,-1.1,163.0,False
session_summary 8,06/30/2026,Driver,270.5,-22.9,-31.0,1.7,158.4,False
session_summary 8,06/30/2026,Driver,273.0,-50.4,-43.0,-1.6,164.0,False
session_summary 8,06/30/2026,Driver,249.3,-9.7,-1.0,-1.9,155.6,False
session_summary 8,06/30/2026,Driver,264.8,10.3,-3.0,2.9,161.5,False
session_summary 8,06/30/2026,Driver,265.9,-13.7,-19.0,1.2,161.8,False
session_summary 8,06/30/2026,Driver,246.6,8.9,8.0,0.1,157.8,False
session_summary 9,07/01/2026,8-Iron,149.7,-10.1,-12.0,0.8,111.9,False
session_summary 9,07/01/2026,8-Iron,141.8,2.0,-6.0,3.1,105.3,False
session_summary 9,07/01/2026,8-Iron,139.4,-5.3,-13.0,3.2,105.3,False
session_summary 9,07/01/2026,8-Iron,147.3,-9.9,-12.0,0.9,109.5,False
session_summary 9,07/01/2026,8-Iron,144.6,-14.6,-13.0,-0.7,108.8,False
session_summary 9,07/01/2026,8-Iron,152.5,-10.3,-9.0,-0.5,110.9,False
session_summary 9,07/01/2026,8-Iron,147.8,-9.5,-14.0,1.7,110.9,False
session_summary 9,07/01/2026,8-Iron,133.9,-6.3,-11.0,1.9,106.4,False
session_summary 9,07/01/2026,8-Iron,136.9,5.4,-2.0,3.2,103.7,False
session_summary 9,07/01/2026,8-Iron,150.1,6.4,-9.0,5.9,112.7,False
session_summary 9,07/01/2026,8-Iron,151.3,-5.1,-10.0,1.8,108.4,False
session_summary 9,07/01/2026,8-Iron,157.5,-5.0,-17.0,4.3,111.7,False
